Workbook
Name Slicer_Branch_City: #N/A
Name Slicer_Month: #N/A
Name Slicer_Year: #N/A
Name Summery: Analysis!$E$3:$G$11

Sheet Dashboard

Sheet Pivot Table
A2: Total Admission | D2: Addmisson Mode | E2: Total Admission | H2: Addmission Source | I2: Total Admission | K2: Branch Area | L2: Total Admission
A3: 10 | D3: Offline | E3: 0.4 | H3: LinkedIn | I3: 2 | K3: Vesu | L3: 2
D4: Online | E4: 0.6 | H4: Website | I4: 2 | K4: A.K. Road | L4: 2
H5: Branch Visit | I5: 1 | K5: Yogi Chowk | L5: 2
A6: Total Student | H6: Friend Referral | I6: 1 | K6: Mota Varachha | L6: 2
A7: 10 | D7: Age | E7: Total Admission | H7: WhatsApp | I7: 1 | K7: Ved Road | L7: 2
D8: 17 | E8: 1 | H8: College Seminar | I8: 1
A9: Total Branch | D9: 18 | E9: 1 | H9: Ads | I9: 1
A10: =COUNTA(_xlfn.UNIQUE(Addmisson[Branch_City])) -> 10 | D10: 20 | E10: 1 | H10: Family Referral | I10: 1
D11: 21 | E11: 3
D12: 22 | E12: 4
A13: Course | B13: Total Admission
A14: CorelDRAW | B14: 3
A15: UI/UX & Graphic Design | B15: 2
A16: AI/ML & Data Science | B16: 2
A17: Graphic Design & Video Editing | B17: 1
A18: Game Design & Development | B18: 1
A19: Data Structure & Algorithm | B19: 1

Sheet Analysis
A2: City | B2: Total Addmission
A3: {=_xlfn.UNIQUE(Addmisson[Branch_City])} -> Rajkot | B3: =COUNTIF(Addmisson[Branch_City],Analysis!$A3) -> 103 | E3: Admission Summery | F3: Total Value Count
A4: Surat | B4: =COUNTIF(Addmisson[Branch_City],Analysis!$A4) -> 188 | F4: Hightest | G4: Lowest
A5: Ahmedabad | B5: =COUNTIF(Addmisson[Branch_City],Analysis!$A5) -> 115 | E5: City | F5: {=_xlfn.XLOOKUP(MAX($B$3:$B$12),$B$3:$B$12,_xlfn.ANCHORARRAY(A3))} -> Surat | G5: {=_xlfn.XLOOKUP(MIN($B$3:$B$12),$B$3:$B$12,_xlfn.ANCHORARRAY(A3))} -> Anand
A6: Amreli | B6: =COUNTIF(Addmisson[Branch_City],Analysis!$A6) -> 52 | E6: Month | F6: {=_xlfn._xlws.FILTER(_xlfn.ANCHORARRAY(A16),B16:B27=MAX(B16:B27))} -> August | G6: {=_xlfn._xlws.FILTER(_xlfn.ANCHORARRAY(A16),B16:B27=MIN(B16:B27))} -> November
A7: Anand | B7: =COUNTIF(Addmisson[Branch_City],Analysis!$A7) -> 3 | F7: July
A8: Bhavnagar | B8: =COUNTIF(Addmisson[Branch_City],Analysis!$A8) -> 64 | F8: March
A9: Gandhinagar | B9: =COUNTIF(Addmisson[Branch_City],Analysis!$A9) -> 30 | F9: May
A10: Navsari | B10: =COUNTIF(Addmisson[Branch_City],Analysis!$A10) -> 30 | F10: October
A11: Bharuch | B11: =COUNTIF(Addmisson[Branch_City],Analysis!$A11) -> 49 | E11: Admission Source | F11: =_xlfn.XLOOKUP(MAX('Pivot Table'!I3:I10),'Pivot Table'!$I$3:$I$10,'Pivot Table'!$H$3:$H$10) -> LinkedIn | G11: =_xlfn.XLOOKUP(MIN('Pivot Table'!I3:I10),'Pivot Table'!$I$3:$I$10,'Pivot Table'!$H$3:$H$10) -> Branch Visit
A12: Junagadh | B12: =COUNTIF(Addmisson[Branch_City],Analysis!$A12) -> 21
A15: Month | B15: Total Addmision
A16: {=_xlfn.UNIQUE(_xlfn._xlws.SORT(Addmisson[Month]))} -> April | B16: =COUNTIF(Addmisson[Month],Analysis!A16) -> 60
A17: August | B17: =COUNTIF(Addmisson[Month],Analysis!A17) -> 62
A18: December | B18: =COUNTIF(Addmisson[Month],Analysis!A18) -> 31
A19: February | B19: =COUNTIF(Addmisson[Month],Analysis!A19) -> 56
A20: January | B20: =COUNTIF(Addmisson[Month],Analysis!A20) -> 48
A21: July | B21: =COUNTIF(Addmisson[Month],Analysis!A21) -> 62
A22: June | B22: =COUNTIF(Addmisson[Month],Analysis!A22) -> 60
A23: March | B23: =COUNTIF(Addmisson[Month],Analysis!A23) -> 62
A24: May | B24: =COUNTIF(Addmisson[Month],Analysis!A24) -> 62
A25: November | B25: =COUNTIF(Addmisson[Month],Analysis!A25) -> 30
A26: October | B26: =COUNTIF(Addmisson[Month],Analysis!A26) -> 62
A27: September | B27: =COUNTIF(Addmisson[Month],Analysis!A27) -> 60

Sheet Student Admission Data
A1: Admission_ID | B1: Admission_Date | C1: Student_ID | D1: Student_Name | E1: Student_DOB | F1: Student_City | G1: Branch_City | H1: Branch_Area | I1: Course_Name | J1: Course_Category | K1: Admission_Source | L1: Admission_Mode | M1: Batch_Timing | N1: Admission_Status | O1: Age | P1: Month | Q1: Year
A2: ADM0001 | B2: 45672 | C2: STU0001 | D2: Hina Khana | E2: 38119 | F2: Rajkot | G2: Rajkot | H2: Kalawad Road | I2: AI/ML & Data Science | J2: Artificial Intelligence | K2: Website | L2: Online | M2: 09:00 - 10:00 AM | N2: Ongoin | O2: =DATEDIF(Addmisson[[#This Row],[Student_DOB]],TODAY(),"y") -> 22 | P2: =TEXT(Addmisson[[#This Row],[Admission_Date]],"mmmm") -> January | Q2: =YEAR(Addmisson[[#This Row],[Admission_Date]]) -> 2025
A3: ADM0002 | B3: 45673 | C3: STU0002 | D3: Vivaan Chavda | E3: 37856 | F3: Surat | G3: Surat | H3: A.K. Road | I3: Python Programming | J3: Programming | K3: WhatsApp | L3: Offline | M3: 03:00-04:00 PM | N3: Ongoin | O3: =DATEDIF(Addmisson[[#This Row],[Student_DOB]],TODAY(),"y") -> 23 | P3: =TEXT(Addmisson[[#This Row],[Admission_Date]],"mmmm") -> January | Q3: =YEAR(Addmisson[[#This Row],[Admission_Date]]) -> 2025
A4: ADM0003 | B4: 45674 | C4: STU0003 | D4: Anaya Bhandari | E4: 39390 | F4: Ahmedabad | G4: Ahmedabad | H4: Nikol | I4: Data Analytics | J4: Data Analytics | K4: LinkedIn | L4: Online | M4: 06:00 - 07:00 PM | N4: Ongoin | O4: =DATEDIF(Addmisson[[#This Row],[Student_DOB]],TODAY(),"y") -> 18 | P4: =TEXT(Addmisson[[#This Row],[Admission_Date]],"mmmm") -> January | Q4: =YEAR(Addmisson[[#This Row],[Admission_Date]]) -> 2025
A5: ADM0004 | B5: 45675 | C5: STU0004 | D5: Ritesh Gohil | E5: 38399 | F5: Amreli | G5: Amreli | H5: Gandhi Bag | I5: Web Technology | J5: Web Development | K5: LinkedIn | L5: Online | M5: 11:00-12:00 AM | N5: Ongoin | O5: =DATEDIF(Addmisson[[#This Row],[Student_DOB]],TODAY(),"y") -> 21 | P5: =TEXT(Addmisson[[#This Row],[Admission_Date]],"mmmm") -> January | Q5: =YEAR(Addmisson[[#This Row],[Admission_Date]]) -> 2025
A6: ADM0005 | B6: 45676 | C6: STU0005 | D6: Mahi Solanki | E6: 38168 | F6: Rajkot | G6: Rajkot | H6: Mavdi Main Road | I6: SQL & Database | J6: Database | K6: LinkedIn | L6: Offline | M6: 10:00-11:00 AM | N6: Ongoin | O6: =DATEDIF(Addmisson[[#This Row],[Student_DOB]],TODAY(),"y") -> 22 | P6: =TEXT(Addmisson[[#This Row],[Admission_Date]],"mmmm") -> January | Q6: =YEAR(Addmisson[[#This Row],[Admission_Date]]) -> 2025
A7: ADM0006 | B7: 45677 | C7: STU0006 | D7: Kavish Vora | E7: 37883 | F7: Surat | G7: Surat | H7: Vesu | I7: Machine Learning | J7: Artificial Intelligence | K7: LinkedIn | L7: Online | M7: 04:00-05:00 PM | N7: Ongoin | O7: =DATEDIF(Addmisson[[#This Row],[Student_DOB]],TODAY(),"y") -> 23 | P7: =TEXT(Addmisson[[#This Row],[Admission_Date]],"mmmm") -> January | Q7: =YEAR(Addmisson[[#This Row],[Admission_Date]]) -> 2025
A8: ADM0007 | B8: 45678 | C8: STU0007 | D8: Tanvi Makwana | E8: 38787 | F8: Anand | G8: Anand | H8: Vidyanagar | I8: Python Programming | J8: Programming | K8: LinkedIn | L8: Offline | M8: 09:00-10:00 AM | N8: Ongoin | O8: =DATEDIF(Addmisson[[#This Row],[Student_DOB]],TODAY(),"y") -> 20 | P8: =TEXT(Addmisson[[#This Row],[Admission_Date]],"mmmm") -> January | Q8: =YEAR(Addmisson[[#This Row],[Admission_Date]]) -> 2025
A9: ADM0008 | B9: 45679 | C9: STU0008 | D9: Dhruv Baria | E9: 38328 | F9: Ahmedabad | G9: Ahmedabad | H9: Navrangpura | I9: Data Science | J9: Data Science | K9: LinkedIn | L9: Offline | M9: 05:00- 06:00PM | N9: Ongoin | O9: =DATEDIF(Addmisson[[#This Row],[Student_DOB]],TODAY(),"y") -> 21 | P9: =TEXT(Addmisson[[#This Row],[Admission_Date]],"mmmm") -> January | Q9: =YEAR(Addmisson[[#This Row],[Admission_Date]]) -> 2025
A10: ADM0009 | B10: 45680 | C10: STU0009 | D10: Ishani Zala | E10: 39475 | F10: Surat | G10: Surat | H10: Dindoli | I10: Web Technology | J10: Web Development | K10: LinkedIn | L10: Online | M10: 09:00 - 10:00 AM | N10: Ongoin | O10: =DATEDIF(Addmisson[[#This Row],[Student_DOB]],TODAY(),"y") -> 18 | P10: =TEXT(Addmisson[[#This Row],[Admission_Date]],"mmmm") -> January | Q10: =YEAR(Addmisson[[#This Row],[Admission_Date]]) -> 2025
A11: ADM0010 | B11: 45681 | C11: STU0010 | D11: Pratham Dabhi | E11: 38177 | F11: Bhavnagar | G11: Bhavnagar | H11: Bhavnagar | I11: SQL & Database | J11: Database | K11: LinkedIn | L11: Online | M11: 03:00-04:00 PM | N11: Ongoin | O11: =DATEDIF(Addmisson[[#This Row],[Student_DOB]],TODAY(),"y") -> 22 | P11: =TEXT(Addmisson[[#This Row],[Admission_Date]],"mmmm") -> January | Q11: =YEAR(Addmisson[[#This Row],[Admission_Date]]) -> 2025
A12: ADM0011 | B12: 45682 | C12: STU0011 | D12: Nandini Rathwa | E12: 38822 | F12: Rajkot | G12: Rajkot | H12: Kalawad Road | I12: AI/ML & Data Science | J12: Artificial Intelligence | K12: LinkedIn | L12: Offline | M12: 06:00 - 07:00 PM | N12: Ongoin | O12: =DATEDIF(Addmisson[[#This Row],[Student_DOB]],TODAY(),"y") -> 20 | P12: =TEXT(Addmisson[[#This Row],[Admission_Date]],"mmmm") -> January | Q12: =YEAR(Addmisson[[#This Row],[Admission_Date]]) -> 2025
A13: ADM0012 | B13: 45683 | C13: STU0012 | D13: Yash Jadeja | E13: 37916 | F13: Surat | G13: Surat | H13: Adajan | I13: Python Programming | J13: Programming | K13: LinkedIn | L13: Online | M13: 11:00-12:00 AM | N13: Ongoin | O13: =DATEDIF(Addmisson[[#This Row],[Student_DOB]],TODAY(),"y") -> 22 | P13: =TEXT(Addmisson[[#This Row],[Admission_Date]],"mmmm") -> January | Q13: =YEAR(Addmisson[[#This Row],[Admission_Date]]) -> 2025
... A656: ADM0655 | B656: 46326 | C656: STU0655 | D656: Hetvi Sakhiya | E656: 39053 | F656: Amreli | G656: Amreli | H656: Gandhi Bag | I656: Adobe Photoshop | J656: Graphic Design | K656: LinkedIn | L656: Online | M656: 03:00-04:00 PM | N656: Ongoin | O656: =DATEDIF(Addmisson[[#This Row],[Student_DOB]],TODAY(),"y") -> 19 | P656: =TEXT(Addmisson[[#This Row],[Admission_Date]],"mmmm") -> October | Q656: =YEAR(Addmisson[[#This Row],[Admission_Date]]) -> 2026
